Asd,asda,sdas,da
Asd,asda,sdas,da
Asd,asda,sdas,da
Asd,asda,sdas,da
Asd,asda,sdas,da
Asd,asda,sdas,da
Asd,asda,sdas,da
Asd,asda,sdas,da
Asd,asda,sdas,da
Asd,asda,sdas,da
Asd,asda,sdas,da
Asd,asda,sdas,da
Asd,asda,sdas,da
Asd,asda,sdas,da
Asd,asda,sdas,da
Asd,asda,sdas,da
Asd,asda,sdas,da
Asd,asda,sdas,da
Asd,asda,sdas,da
Asd,asda,sdas,da
Asd,asda,sdas,da
Asd,asda,sdas,da
Asd,asda,sdas,da
Asd,asda,sdas,da
Asd,asda,sdas,da
Asd,asda,sdas,da
Asd,asda,sdas,da
Asd,asda,sdas,da
Asd,asda,sdas,da
Asd,asda,sdas,da
Asd,asda,sdas,da
Asd,asda,sdas,da
Asd,asda,sdas,da
Asd,asda,sdas,da
Asd,asda,sdas,da
Asd,asda,sdas,da
Asd,asda,sdas,da
Asd,asda,sdas,da
Asd,asda,sdas,da
Asd,asda,sdas,da
Asd,asda,sdas,da
Asd,asda,sdas,da
Asd,asda,sdas,da
Asd,asda,sdas,da
Asd,asda,sdas,da
Asd,asda,sdas,da
Asd,asda,sdas,da
Asd,asda,sdas,da
Asd,asda,sdas,da
Asd,asda,sdas,da
Asd,asda,sdas,da
Asd,asda,sdas,da
Asd,asda,sdas,da
Asd,asda,sdas,da
Asd,asda,sdas,da
Asd,asda,sdas,da
Asd,asda,sdas,da
Asd,asda,sdas,da
Asd,asda,sdas,da
Asd,asda,sdas,da
Asd,asda,sdas,da
Asd,asda,sdas,da
Asd,asda,sdas,da
Asd,asda,sdas,da
Asd,asda,sdas,da
Asd,asda,sdas,da
Asd,asda,sdas,da
Asd,asda,sdas,da
Asd,asda,sdas,da
Asd,asda,sdas,da
Asd,asda,sdas,da
Asd,asda,sdas,da
Asd,asda,sdas,da
Asd,asda,sdas,da
Asd,asda,sdas,da
Asd,asda,sdas,da
Asd,asda,sdas,da
Asd,asda,sdas,da
Asd,asda,sdas,da
Asd,asda,sdas,da
Asd,asda,sdas,da
